id,energy,valence
10,0.9213530421257019,0.55657958984375
20,0.7835850715637207,0.5368604063987732
30,0.7465185523033142,0.8158446550369263
40,0.31856662034988403,0.272745281457901
50,0.3921349048614502,0.3598090410232544
60,0.542030394077301,0.6077635884284973
70,0.8747294545173645,0.8052692413330078
80,0.7803332209587097,0.5101226568222046
90,0.6536798477172852,0.6387132406234741
100,0.29849493503570557,0.228267103433609
110,0.28791213035583496,0.11055818200111389
120,0.40656617283821106,0.4037429690361023
130,0.2584417760372162,0.3183366656303406
140,0.3984082341194153,0.33394911885261536
150,0.5417429804801941,0.17028847336769104
160,0.8818050622940063,0.5028799772262573
170,0.7308139801025391,0.35901162028312683
180,0.5707570910453796,0.5769349932670593
190,0.5442805290222168,0.5977002382278442
200,0.773470938205719,0.48432809114456177
210,0.8744190335273743,0.5626581311225891
220,0.8799591064453125,0.5146332383155823
230,0.1585027426481247,0.20982220768928528
240,0.5252986550331116,0.6536883115768433
250,0.5685616731643677,0.3484819233417511
260,0.6178191900253296,0.6649767160415649
270,0.6907932162284851,0.6034554839134216
280,0.626232385635376,0.3794422745704651
290,0.7693074345588684,0.2771892249584198
300,0.5702418684959412,0.4450049102306366
310,0.6724561452865601,0.3323115408420563
320,0.4454590976238251,0.529569149017334
330,0.8317002058029175,0.5138120055198669
340,0.5863403081893921,0.4101317226886749
350,0.68974769115448,0.6069733500480652
360,0.2411733716726303,0.23767971992492676
370,0.714780867099762,0.6443974375724792
380,0.5242044925689697,0.7095724940299988
390,0.633939266204834,0.6041179299354553
400,0.40556609630584717,0.3370317816734314
410,0.8579730987548828,0.29355812072753906
420,0.8267049193382263,0.45221206545829773
430,0.8452052474021912,0.6260741353034973
440,0.6539804339408875,0.35821107029914856
450,0.7325901985168457,0.6839784979820251
460,0.2184728980064392,0.1466614305973053
470,0.6040416359901428,0.24401164054870605
480,0.7686117887496948,0.4411733150482178
490,0.7663530707359314,0.3346027433872223
500,0.7031289935112,0.4029526114463806
510,0.7878422141075134,0.6002964377403259
520,0.8920611143112183,0.3368475139141083
530,0.666000247001648,0.432406485080719
540,0.8302788734436035,0.48129498958587646
550,0.8547790050506592,0.4956381320953369
560,0.7213638424873352,0.5148007273674011
570,0.7897092700004578,0.5314105749130249
580,0.8610767722129822,0.8698165416717529
590,0.8778483271598816,0.281307578086853
600,0.7103267908096313,0.23926964402198792
610,0.6866700649261475,0.6125169992446899
620,0.23281441628932953,0.18928535282611847
630,0.7828793525695801,0.42572301626205444
640,0.5876982808113098,0.2684595584869385
650,0.31208208203315735,0.2900610864162445
660,0.777796745300293,0.8316641449928284
670,0.8443146347999573,0.43639713525772095
680,0.7074127197265625,0.6022913455963135
690,0.40875786542892456,0.4334602952003479
700,0.29701879620552063,0.15264540910720825
710,0.5885781049728394,0.2927529811859131
720,0.38527563214302063,0.15747621655464172
730,0.6099169254302979,0.4657641053199768
740,0.4797403812408447,0.506069540977478
750,0.45557281374931335,0.5778778791427612
760,0.7336795926094055,0.4114701747894287
770,0.7021570205688477,0.3451010286808014
780,0.8777797818183899,0.4391620457172394
790,0.5765502452850342,0.6565656065940857
800,0.8475950360298157,0.5683665871620178
810,0.8687537312507629,0.33899837732315063
820,0.7075952291488647,0.5440481901168823
830,0.4848298728466034,0.25805577635765076
840,0.5872060656547546,0.49021580815315247
850,0.9275937676429749,0.7586340308189392
860,0.7945355176925659,0.43848127126693726
870,0.5065619945526123,0.4026168882846832
880,0.7948967218399048,0.7579775452613831
890,0.24410250782966614,0.24270989000797272
900,0.6694627404212952,0.8064641952514648
910,0.5491397380828857,0.49730226397514343
920,0.7663291096687317,0.7536132335662842
930,0.6467143297195435,0.7015198469161987
940,0.5698731541633606,0.6126561760902405
950,0.5234259963035583,0.4628160297870636
960,0.8687243461608887,0.575626015663147
970,0.672080397605896,0.4389847218990326
980,0.7215827703475952,0.43733999133110046
990,0.5955924391746521,0.5827345848083496
1000,0.48822706937789917,0.6008443832397461
1010,0.6572970151901245,0.5722987651824951
1020,0.7772577404975891,0.5794399380683899
1030,0.2021651417016983,0.34058934450149536
1040,0.6480407118797302,0.5649539232254028
1050,0.6727765798568726,0.642894983291626
1060,0.7439010143280029,0.38573697209358215
1070,0.7667723298072815,0.45796653628349304
1080,0.7689536213874817,0.25317707657814026
1090,0.7793346047401428,0.33108875155448914
1100,0.7770522236824036,0.6720877289772034
1110,0.7613364458084106,0.3186196982860565
1120,0.33031272888183594,0.5572094321250916
1130,0.6125162243843079,0.6913025975227356
1140,0.6201767921447754,0.5548275709152222
1150,0.5358253121376038,0.6483750343322754
1160,0.7541491985321045,0.3486798405647278
1170,0.93878573179245,0.3097476065158844
1180,0.4192638695240021,0.48640677332878113
1190,0.37487712502479553,0.3645952641963959
1200,0.6753833293914795,0.6404852271080017
1210,0.5623525977134705,0.48433005809783936
1220,0.7470561265945435,0.7383031249046326
1230,0.8573695421218872,0.6381648778915405
1240,0.6469864845275879,0.5781276822090149
1250,0.28247708082199097,0.20246395468711853
1260,0.7718708515167236,0.3307259678840637
1270,0.7682350873947144,0.22028063237667084
1280,0.8740062713623047,0.47146791219711304
1290,0.6069571375846863,0.39092981815338135
1300,0.840608537197113,0.3331665098667145
1310,0.6064063906669617,0.4964478313922882
1320,0.46596595644950867,0.42017459869384766
1330,0.7929889559745789,0.5252742767333984
1340,0.8852452635765076,0.5870868563652039
1350,0.8705999851226807,0.2976745069026947
1360,0.13967958092689514,0.25446709990501404
1370,0.12685000896453857,0.3470500707626343
1380,0.14336436986923218,0.39281705021858215
1390,0.6905497312545776,0.7370069026947021
1400,0.6970959901809692,0.6399945020675659
1410,0.7540134191513062,0.5514386892318726
1420,0.839726984500885,0.40528157353401184
1430,0.8915996551513672,0.606931746006012
1440,0.6807348728179932,0.7344340085983276
1450,0.7066983580589294,0.44989001750946045
1460,0.7990739345550537,0.665195643901825
1470,0.20322389900684357,0.3688412308692932
1480,0.8723258376121521,0.59978848695755
1490,0.8257055878639221,0.7763499021530151
1500,0.7947638630867004,0.6336283087730408
1510,0.6078212261199951,0.32794854044914246
1520,0.5102061033248901,0.6512059569358826
1530,0.46591994166374207,0.22005897760391235
1540,0.6461285352706909,0.24425113201141357
1550,0.7371132969856262,0.7301585078239441
1560,0.7782604694366455,0.5187634825706482
1570,0.2831600606441498,0.31940338015556335
1580,0.7363990545272827,0.789533257484436
1590,0.7652552127838135,0.6655876636505127
1600,0.9015823602676392,0.6146188378334045
1610,0.5897448658943176,0.38039612770080566
1620,0.7130943536758423,0.6447357535362244
1630,0.2889805734157562,0.1872922033071518
1640,0.5235430002212524,0.5632612705230713
1650,0.4093717932701111,0.38355904817581177
1660,0.6409298777580261,0.3628791570663452
1670,0.49724650382995605,0.3960026502609253
1680,0.888648271560669,0.7660495042800903
1690,0.5807767510414124,0.4597514271736145
1700,0.4930286407470703,0.35588082671165466
1710,0.7352082133293152,0.4889605939388275
1720,0.7247989177703857,0.7721968293190002
1730,0.24980036914348602,0.21352750062942505
1740,0.5346781611442566,0.43297991156578064
1750,0.7753123044967651,0.19689105451107025
1760,0.8215363025665283,0.3661195933818817
1770,0.8882776498794556,0.29445356130599976
1780,0.23699454963207245,0.21968384087085724
1790,0.36608386039733887,0.23105350136756897
1800,0.5460156202316284,0.24235700070858002
1810,0.6516307592391968,0.3290693163871765
1820,0.3812958002090454,0.34877392649650574
1830,0.22129550576210022,0.3365720212459564
1840,0.6947810649871826,0.6468221545219421
1850,0.7710999250411987,0.5921111702919006
1860,0.890481173992157,0.7297070026397705
1870,0.8355391025543213,0.4586535692214966
1880,0.19101788103580475,0.19516736268997192
1890,0.8591958284378052,0.44004103541374207
1900,0.7328568696975708,0.656230092048645
1910,0.8231501579284668,0.4870443344116211
1920,0.783970832824707,0.44189202785491943
1930,0.6890696287155151,0.4276380240917206
1940,0.8384334444999695,0.5084246397018433
1950,0.603375256061554,0.24977520108222961
1960,0.9177157282829285,0.6566939949989319
1970,0.5674668550491333,0.35064178705215454
1980,0.7126140594482422,0.27776825428009033
1990,0.8757025599479675,0.339110791683197
2000,0.7498023509979248,0.7108044028282166
